Name of the show,Genre,IMDb rating,Age of viewers
#Imomsohard Live,Comedy,5.4,16+
101 Dalmatians,Animation,7.3,All
21 Jump Street,Drama,,16+
2 Broke Girls,Comedy,6.7,16+
2 Fast 2 Furious,Action,5.9,13+
3 Body Problem,"Drama, Sci-fi, Action",7.5,13+
4 Blocks,Drama,,16+
Absentia,"Drama, Suspense",7.3,16+
Afsos,"Drama, Comedy",,16+
Akame Ga Kill!,Anime,7.8,16+
Akira,Animation,8.0,13+
Aladdin,Animation,8.0,All
Aladdin (2019),Animation,6.9,All
Alice Fraser: Savage,Comedy,,16+
Alice Wettlund: My Mama Is A Human And So Am I,Comedy,4.7,16+
Aliens Love Underpants And,Kids,,All
All American,"Drama, Sports",,All
Almirante Hotel,Drama,,13+
Alone Together,Comedy,,16+
Alonzo Bodden: Heavy Lightweight,Comedy,5.6,16+
Amazon Riders,Action,7.9,13+
American Gods,"Sci-fi, Drama, Suspense",7.8,18+
American Woman,"Drama, Comedy",,All
Angel Beats!,Anime,8.0,13+
Anger Management,Comedy,6.6,13+
Angie Tribeca,Comedy,7,16+
Anne Edmonds: What'S Wrong With You?,"Arts, Entertainment, Culture",6.4,16+
Ant-Man,Action,7.3,13+
Ant-Man And The Wasp,Action,7.0,13+
An Unknown Enemy,Drama,8.1,18+
Aquaman,Action,6.9,13+
Arthur And The Invisibles,Animation,6.0,All
Assassination Classroom,Anime,8.4,13+
Atchoo,Kids,,All
Atlantis: The Lost Empire,Animation,6.9,All
Attack On Titan,Anime,8.8,16+
Attack On Titan: Junior High,Anime,6.8,13+
Attack On Titan: Lost Girls,Anime,7.6,13+
Attack On Titan: No Regrets,Anime,8.1,16+
Attack On Titan: Season 2,Anime,8.6,16+
Attack On Titan: Season 3,Anime,8.7,16+
Attack On Titan: The Final Season,Anime,9.1,16+
Attack On Titan: The Final Season Part 2,Anime,9.1,16+
Attack On Titan: The Movie,Animation,5.4,13+
Avatar,Action,7.8,13+
Avatar 2,Action,7.7,13+
Avatar: The Way Of Water,Action,7.7,13+
Avengers: Age Of Ultron,Action,7.3,13+
Avengers: Endgame,Action,8.4,13+
Avengers: Infinity War,Action,8.4,13+
A New Kind Of Magic,Comedy,,All
A Silent Voice,Animation,8.1,All
A Very English Scandal,Drama,,16+
Bambi,Animation,7.3,All
Bananas In Pyjamas,Kids,,All
Bang Baaja Baaraat,Drama,8,18+
Bates Motel,"Drama, Horror, Suspense",,16+
Batman Begins,Action,8.2,13+
Batman V Superman: Dawn Of Justice,Action,6.4,13+
Beastars,Anime,8.0,13+
Beastars 2,Anime,8.0,13+
Beat,Drama,7.4,16+
Beauty And The Beast,"Drama, Sci-fi",7.1,16+
Beauty Beyond,Drama,6.8,13+
Beelzebub,Anime,7.5,13+
Bee Movie,Animation,6.1,All
Best Of Aib,Comedy,8.2,16+
Bhoot And Friends,Kids,,7+
Big Hero 6,Animation,7.8,All
Black Clover,Anime,7.9,13+
Black Clover: Sword Of The Wizard King,Anime,7.5,13+
Black Harbour,Drama,,13+
Black Lagoon,Anime,8.0,16+
Black Panther,Action,7.3,13+
Black Sun,Drama,,18+
Black Widow,Action,6.8,13+
Blindspot,Drama,7.4,16+
Blue Bloods,Drama,7.6,16+
Blue Exorcist,Anime,7.7,13+
Booker,Drama,,16+
Bosch,Drama,8.4,18+
Breathe,"Drama, Suspense",8.4,16+
Businessmen Vs Aliens,Comedy,4.5,13+
Californication,Comedy,8.3,18+
Caligula,Comedy,,13+
Captain America: Civil War,Action,7.8,13+
Captain America: The First Avenger,Action,6.9,13+
Captain America: The Winter Soldier,Action,7.8,13+
Captain Marvel,Action,6.8,13+
Captain Marvel 2,Action,7.2,13+
Caribbean Thunder,Action,,13+
Carnival Row,"Drama, Fantasy",7.9,16+
Casanova: Pbs Masterpiece Theatre- The Complete Series,Drama,,18+
Casual,Comedy,,18+
Cat Vs Keet,Kids,,All
Celia Pacquola: All Talk,Comedy,,16+
Censhorship In The Future,Comedy,6.3,All
Chacha Bhatija,Kids,,7+
Chacha Vidhayak Hain Humare,"Drama, Comedy",,16+
Chaplin & Co,Comedy,5.8,7+
Chasing Dreams,Drama,7.3,All
Chasing Shadows,Action,7.0,16+
Chasing The Dream,Drama,7.3,All
Chasing The Horizon,Adventure,7.9,13+
Chasing The Light,Adventure,7.6,13+
Chasing The Sun,Adventure,7.6,13+
Chasing The Wind,Drama,7.5,13+
Chernobyl: Aftermath,Drama,,13+
Chicago Med,Drama,,All
Chris Ramsey: Approval Needed,"Arts, Entertainment, Culture",7.2,16+
Chris Tall Presentsï¿½,Comedy,,16+
Chuck,Comedy,,16+
Cinderella,Animation,7.3,All
Citizen Khan,Comedy,,7+
City Of Chaos,Thriller,7.3,16+
City Of Dreams,Romance,6.8,13+
City Of Lights,Romance,6.8,All
City Of Secrets,Thriller,7.8,16+
City Of Shadows,Thriller,7.3,16+
City Under Siege,Action,7.4,16+
Clannad,Anime,8.2,13+
Clannad: After Story,Anime,8.8,13+
Classic Popeye,Animation,,All
Claws,Drama,7.3,All
Cloudy With A Chance Of Meatballs,Animation,6.9,All
Cloudy With A Chance Of Meatballs 2,Animation,6.3,All
Coco,Animation,8.4,All
Cocomong,Kids,,All
Code Geass: Lelouch Of The Rebellion,Anime,8.7,16+
Collision,Drama,,13+
Coloner March Of Scotland Yard,Drama,,7+
Comicstaan,"Arts, Entertainment, Culture",,18+
Constantine,"Sci-fi, Action, Suspense ",7.5,16+
Conviction,Action,,13+
Coraline,Animation,7.7,All
Coupling,Comedy,,16+
Covert Affairs,"Drama, Action",,13+
Crimson Sky,Fantasy,7.5,13+
Crisis In Six Scenes,Comedy,6.6,18+
Curious George,Kids,,All
Cyber War,Sci-Fi,6.8,16+
Dance Academy,Drama,8.1,7+
Danger And Eggs,Comedy,6.6,All
Dark Enchantment,Fantasy,7.0,13+
Dark Secrets,Crime,7.3,18+
Dark Secrets Revealed,Thriller,7.6,18+
Deadly Game,Drama,,16+
Deadpool,Action,8.0,18+
Deadpool 2,Action,7.7,18+
Death Note,Anime,8.6,16+
Death Parade,Anime,8.0,16+
Deception,Drama,,13+
Demon Slayer: Kimetsu No Yaiba,Anime,8.7,13+
Dennis The Menace,Kids,6.3,All
Desert Escape,Action,7.0,16+
Desperate Widows,"Drama, Comedy",6.5,16+
Despicable Me,Animation,7.6,All
Despicable Me 2,Animation,7.4,All
Despicable Me 3,Animation,6.3,All
Despicable Me 4,Animation,6.5,All
Detective'S Secret,Crime,7.2,13+
Deutschland,Drama,8.1,18+
Dexter,Drama,8.6,18+
Diablo Guardian,Drama,6,18+
Dietland,"Drama, Comedy",,16+
Die Trying,Comedy,,16+
Digital Dynasty,Drama,7.0,13+
Dilruk Jayasinha: Bundle Of Joy,"Arts, Entertainment, Culture",,16+
Dispatches From Elsewhere,"Drama, Suspense",,16+
Doctor Strange,Action,7.5,13+
Doctor Strange In The Multiverse Of Madness,Action,6.9,13+
Doctor Who,Sci-fi,,All
Downtown Abbey,Drama,8.7,7+
Dr. Stone,Anime,8.3,13+
Dragon Ball Super,Anime,7.8,13+
Dragon Ball Super: Broly,Animation,8.1,13+
Dragon Ball Z,Anime,8.7,13+
Dragon Ball Z: Battle Of Gods,Animation,7.1,13+
Dragon Ball Z: Resurrection 'F',Animation,7.0,13+
Dragon Rising,Fantasy,7.7,13+
Dreams Beyond,Romance,7.5,16+
Dredd,Action,7.1,13+
Dumbo,Animation,6.9,All
Echoes Of The Past,Drama,7.3,18+
Edge Of Tomorrow,Sci-Fi,7.9,13+
Ed Gamble: Blood Sugar,"Arts, Entertainment, Culture",,16+
Eeena Meena Deeka,Kids,,7+
Eic Vs The World,Comedy,8,16+
Elementary,"Drama, Suspense",7.9,16+
El Juego De Las Llaves,Comedy,,18+
El Presidente,Drama,,All
Endless Sky,Adventure,7.6,13+
End Of The Empire,Action,7.8,16+
End Of The Line,Thriller,7.8,16+
End Of The Road,Action,7.3,16+
Erased,Anime,8.5,13+
Escape From The City,Thriller,7.0,16+
Escape From The Island,Adventure,7.2,13+
Extant,Drama,6.6,16+
Extrano Enemigo,Drama,,16+
F8 Of The Furious,Action,6.6,13+
Faireez,Comedy,,All
Fairy Tail,Anime,7.8,13+
Fairy Tales Reimagined,Fantasy,7.3,All
Fallen Kingdom,Fantasy,7.0,16+
Falling Star,Drama,7.0,13+
Falling Water,"Drama, Sci-fi",6.5,16+
Fallout,"Drama, Action",8.3,16+
Fall Of The Empire,Action,7.0,18+
Family Pictures,Drama,,13+
Famous In Love,"Drama, Romance",6.9,All
Fantasia,Animation,7.8,All
Fantasia 2000,Animation,6.9,All
Fantastic Four,Action,5.7,13+
Fantastic Four: Rise Of The Silver Surfer,Action,5.6,13+
Fast & Furious 6,Action,7.0,13+
Fast & Furious 7,Action,7.1,13+
Fast X,Action,5.6,13+
Fear The Walking Dead,"Drama, Horror",6.9,16+
Feed The Beast,Drama,6.7,16+
Ferdinand,Animation,6.7,All
Final Life,Drama,5.2,16+
Firestorm,Action,7.5,16+
Fleabag,Comedy,8.7,18+
Flesh And Bone,"Drama, F, Arts, Entertainment, Culture",8,18+
Flo And Joan: Alive On Stage,"Arts, Entertainment, Culture",,16+
Food Wars!,Anime,8.0,13+
Food Wars! The Fourth Plate,Anime,8.0,13+
Fool'S Gold,Adventure,7.3,16+
Forensic Files,Documentary,,13+
Forever,Comedy,7.2,16+
Four More Shots Please,"Drama, Comedy",5.3,18+
Frankenweenie,Animation,6.9,All
Friends Forever,Comedy,6.5,13+
Fringe,Sci-fi,8.4,16+
Frozen,Animation,7.4,All
Frozen Ii,Animation,6.8,All
Frozen Secrets,Fantasy,7.4,All
Frozen World,Fantasy,7.0,13+
Fruits Basket,Anime,8.7,13+
Fukuyadou Honpo-Kyoto Love Story,"Drama, Romance",7.7,13+
Fullmetal Alchemist: Brotherhood,Anime,9.2,13+
Full Disclosure,Action,,16+
Furious 7,Action,7.1,13+
Furious 8,Action,6.6,13+
Furious 9,Action,5.2,13+
Gangstars,"Drama, Suspense",,13+
Gattu- The Power Champ,Kids,,7+
Ghost In The Shell,Animation,8.0,13+
Gina Brillon: The Floor Is Lava,Comedy,,16+
Girlfriends Guide To Divorce,Comedy,6.9,All
Godzilla Vs. Kong,Action,6.3,13+
Godzilla: King Of The Monsters,Action,6.0,13+
God Friended Me,"Drama, Comedy",,All
Going Viral Pvt. Ltd.,Comedy,,All
Goliath,Drama,8.2,18+
Good Girls Revolt,Drama,8.2,18+
Good Omens,"Fantasy, Comedy",,16+
Great Pretender,Anime,8.1,13+
Green Lantern,Action,5.5,13+
Grey'S Anatomy,Drama,7.6,16+
Grimm,"Drama, Action, Adventure",,16+
Guardians Of The Galaxy,Action,8.0,13+
Guardians Of The Galaxy Vol. 2,Action,7.6,13+
Guardians Of The Galaxy Vol. 3,Action,8.0,13+
Guilt,Drama,6,All
H.G. Wells: The Invisible Man,"Drama, Sci-fi, Suspense, Action",,7+
Haikyuu!!,Anime,8.6,13+
Haikyuu!!: To The Top,Anime,8.3,13+
Halloween Night,Horror,6.3,18+
Hand Of God,Drama,7.5,18+
Hanna,"Drama, Action",7.5,16+
Happy Marriage!,"Drama, Romance",,13+
Happy Marriage!?,"Drama, Romance",,13+
Hap And Leonard,"Drama, Suspense",7.6,16+
Haunted,Drama,,13+
Hawaii Five-O,"Drama, Action",7.3,16+
Heart Of The Dragon,Adventure,8.0,13+
Hellsing,Anime,8.2,16+
Heroes,"Drama, Sci-fi",,16+
Hidden Truths,Drama,6.9,13+
Highway On My Plate,Adventure,,All
High School Dxd,Anime,7.6,16+
Hitler'S Eastern Front,Action,,13+
Hitoshi Matsumoto Presents Documental,Comedy,8,18+
Homecoming,Drama,7.5,16+
Hostel Daze,"Drama, Comedy",8.7,16+
Hotel Transylvania,Animation,6.9,All
Hotel Transylvania 2,Animation,6.7,All
Hotel Transylvania 3: Summer Vacation,Animation,6.3,All
House,Drama,,16+
House Of Lies,"Drama, Comedy",7.4,18+
Howl'S Moving Castle,Animation,8.2,All
How To Train Your Dragon,Animation,8.1,All
How To Train Your Dragon 2,Animation,7.8,All
How To Train Your Dragon: The Hidden World,Animation,7.5,All
Hunter,Drama,,16+
Hunters,"Drama, Action, Suspense",7.2,18+
Hunter X Hunter,Anime,8.9,13+
Ice Age,Animation,6.9,All
Ice Age: Collision Course,Animation,5.7,All
Ice Age: Continental Drift,Animation,6.5,All
Ice Age: Dawn Of The Dinosaurs,Animation,6.9,All
Ice Age: The Meltdown,Animation,6.8,All
Ilana Glazer: The Planet Is Burning,Comedy,3.7,18+
Inception,Sci-Fi,8.8,13+
Injustice,Drama,,13+
Inside Borussia Dortmund,"Drama, Documentary",,All
Inside Edge,"Sports, Drama",8,18+
Inside Jokes,"Arts, Entertainment, Culture",7.1,16+
Inspector Chingum,Kids,,7+
Interstellar,Sci-Fi,8.6,13+
Into The Abyss,Thriller,7.5,18+
Into The Badlands,"Drama, Action, Sci-fi",8,16+
Into The Future,Sci-Fi,8.0,13+
Into The Unknown,Adventure,8.0,All
Inuyasha,Anime,7.9,13+
In The Depths,Action,7.8,18+
In The Depths Of The Ocean,Documentary,7.2,All
In The Shadows,Thriller,7.1,16+
Iron Man,Action,7.9,13+
Iron Man 2,Action,7.0,13+
Iron Man 3,Action,7.1,13+
I Love Dick,Comedy,6.2,18+
James And The Giant Peach,Animation,6.9,All
Jayde Adams: Serious Black Jumper,Comedy,6.9,16+
Jean Claude Van Johnson,Comedy,7.6,18+
Jestination Unknown,"Comedy, Arts, Entertainment, Culture",6.2,16+
Jimmy O. Yang: Good Deal,"Arts, Entertainment, Culture",7.1,18+
Jim Gaffigan: Quality Time,Comedy,7.6,13+
Joey,Comedy,,7+
Johnny Bravo,Kids,7.2,7+
Jojo'S Bizarre Adventure,Anime,8.6,13+
Jojo'S Bizarre Adventure: Diamond Is Unbreakable,Anime,8.6,13+
Jojo'S Bizarre Adventure: Stardust Crusaders,Anime,8.6,13+
Journey Beyond The Horizon,Adventure,7.3,13+
Journey Through Time,Adventure,7.8,All
Journey To The Stars,Sci-Fi,8.1,13+
Journey With Dylan Dreyer,Action,,13+
Judith Lucy: Judith Lucy Vs Men,Comedy,6,18+
Junior G,Action,,7+
Jurassic World,Adventure,7.0,13+
Jurassic World: Dominion,Adventure,6.0,13+
Jurassic World: Fallen Kingdom,Adventure,6.2,13+
Justice League,Action,6.2,13+
Kaguya-Sama: Love Is War,Anime,8.7,13+
Kanan Gill: How Insensitive,Comedy,7,All
Kiki'S Delivery Service,Animation,7.9,All
King Kong,Adventure,7.2,13+
Kung Fu Bunny,Kids,,13+
Kung Fu Panda,Animation,7.6,All
Kung Fu Panda 2,Animation,7.3,All
Kung Fu Panda 3,Animation,6.1,All
Laakhon Mein Ek,Drama,,16+
Lano & Woodley: Fly,Comedy,6.2,16+
Legacies,Drama,,16+
Legacy,Action,,13+
Lethal Weapon,"Drama, Action",7.9,16+
Lexx,Sci-fi,,13+
Life,Drama,8.3,All
Lifeline,Drama,,13+
Life Sentence,Drama,,16+
Lilo & Stitch,Animation,7.3,All
Little Big Awesome,Kids,7.2,All
Little Witch Academia,Anime,7.9,13+
Living Biblically,Comedy,,All
Lockout,Action,,16+
Lodge 49,"Drama, Comeddy",,18+
Logan,Action,8.1,18+
Log Horizon,Anime,7.8,13+
Lol: Australia,Comedy,,All
Lol: Last One Laughing,Comedy,,18+
Looper,Sci-Fi,6.9,13+
Lore,Horror,6.7,16+
Lorena,Documentary,7.2,16+
Lost In Oz,Kids,7.7,7+
Lost In Paradise,Drama,7.0,13+
Lost In The City,Thriller,6.7,16+
Lost In The Wild,Adventure,7.2,13+
Lost Treasure,Adventure,7.2,13+
Loudermilk,Comedy,,16+
Lovers Leap,Romance,6.9,13+
Love In The Air,Romance,7.2,All
Luther,Drama,,18+
Madam Secretary,Drama,,13+
Made In Heaven,Drama,8.3,18+
Mad Men,Drama,8.6,16+
Mafia Undercover,Drama,,16+
Magical Creatures,Fantasy,7.1,All
Magi The Tensho Boys' Embassy,Drama,,16+
Major Crimes,Drama,7.7,16+
Malgudi Days Swami & Friends 1,Drama,,7+
Manifest,Drama,,16+
Man'S World,Comedy,7.3,13+
Man With A Plan,Drama,,All
March Comes In Like A Lion,Anime,8.5,13+
Marvel'S Cloak & Dagger,"Drama, Fantasy",,16+
Marvel'S Runaways,"Drama, Sci-fi",,16+
Masters Of Sex,Fantasy,,16+
Mcmafia,Drama,,13+
"Me, Myself And I",Comedy,7.2,All
Meet The Robinsons,Animation,6.9,All
Mewtwo Strikes Back,Animation,6.4,All
"Midnight, Texas",Drama,,All
Midnight Escape,Thriller,7.6,18+
Midnight Runners,Action,7.8,13+
Mike E. Winfield: Stepman,Comedy,6.3,16+
Mind The Malhotras,Comedy,,16+
Minions,Animation,6.4,All
Minions And More 1,Animation,6.2,All
Minions: The Rise Of Gru,Animation,6.2,All
Mini Ninjas,Comedy,,All
Mirzapur,Drama,8.5,18+
Missing Evidence,Drama,,All
Moana,Animation,7.6,All
Mob Psycho 100,Anime,8.5,13+
Mob Psycho 100 Ii,Anime,8.8,13+
Modern Love,"Drama, Romance, Comedy",8,16+
Mom,Comedy,7.2,16+
Monogatari Series,Anime,8.2,13+
Mozart In The Jungle,"Drama, Comedy",8.2,18+
Mr. Bean,Comedy,8.5,16+
Mr. Bean: The Animated Series,Comedy,6.8,13+
Mr. Lucky,Drama,,13+
Mr. Robot,"Drama, Suspense",8.5,18+
Munki And Trunk,Kids,8.4,All
Murder In The First,Drama,7.2,18+
Murphy Brown,Comedy,,All
Music In Motion,Music,7.5,All
Mystery Island,Thriller,6.5,16+
My Hero Academia,Anime,8.4,13+
My Hero Academia: Heroes Rising,Animation,7.8,13+
My Hero Academia: Two Heroes,Animation,7.5,13+
My Neighbor Totoro,Animation,8.2,All
Naruto,Anime,8.3,13+
Naruto Shippuden,Anime,8.6,13+
Naruto Shippuden: The Movie,Animation,7.3,13+
Naruto: Shippuden Movie 3,Anime,7.3,13+
Naruto: The Movie,Animation,7.2,13+
Ncis,"Drama, Action",7.8,16+
Neon Genesis Evangelion,Anime,8.5,13+
Neon Genesis Evangelion: Death & Rebirth,Animation,7.4,13+
Neon Genesis Evangelion: The End Of Evangelion,Animation,8.5,13+
Neon Rider,Drama,,16+
New Worlds,Drama,,16+
Nikita,"Drama, Action",,18+
No Game No Life,Anime,8.0,13+
Ocean Mysteries,Documentary,7.6,All
Ocean Quest,Adventure,7.4,All
Oggy And The Cockroaches,Kids,7.3,7+
Oliver & Company,Animation,6.7,All
One Mic Stand,Comedy,6.5,16+
One Mississippi,Drama,7.3,18+
One Piece,Anime,8.6,13+
One Piece Film: Z,Animation,7.9,13+
One Punch Man,Anime,8.8,13+
One Punch Man 2,Anime,7.7,13+
One Tree Hill,Drama,,13+
Overlord,Anime,8.0,13+
Overlord Ii,Anime,8.0,13+
Pac-Man And The Ghostly Adventures,Animation,,7+
Pacific Rim,Action,6.9,13+
Pacific Rim: Uprising,Action,5.6,13+
Paprika,Kids,,All
Paranorman,Animation,7.0,All
Parent,"Drama, Comedy",7.8,18+
Parenthood,"Drama, Comedy",,16+
Parks And Recreation,Comedy,,13+
Pataal Lok,Drama,7.5,18+
Patriot,"Drama, Suspense",8.3,18+
Paul Chowdhry: Live Innit,"Arts, Entertainment, Culture",,18+
Peaky Blinders,Action,8.7,18+
Penny Dreadful,"Drama, Horror",8.2,All
People Of Earth,Comedy,7.7,All
Person Of Interest,"Drama, Action, Suspense",8.4,16+
Peter Gunn,Drama,,13+
Peter Pan,Animation,7.3,All
Pinocchio,Animation,7.9,All
Ponyo,Animation,7.7,All
Preacher,Drama,8,18+
Presumed Guilty,Drama,,18+
Pretty Little Liars: The Perfectionists,Drama,,13+
Princess And The Dragon,Fantasy,7.6,All
Princess Mononoke,Animation,8.4,13+
Promare,Anime,7.7,13+
Psych,Comedy,,13+
Psycho-Pass,Anime,8.2,16+
Puella Magi Madoka Magica,Anime,8.4,13+
Pushpavalli,"Drama, Comedy",,16+
Queen Sugar,Drama,7.7,All
Quest For Freedom,Action,7.9,13+
Raja Aur Rancho,Comedy,,13+
Ralph Breaks The Internet,Animation,6.3,All
Random Gappa,Comedy,,All
Ratatouille,Animation,8.0,All
Ray Donovan,Drama,8.3,All
Red Oaks,Comedy,7.9,18+
Reign,Drama,,16+
Renegade,Action,,16+
Return To The Kingdom,Fantasy,7.5,All
Revenge Of The Fallen,Action,7.8,16+
Revenge Of The Phoenix,Action,7.5,16+
Revenge Of The Ruler,Action,7.4,18+
Revolutionary Hearts,Drama,7.2,13+
Re:Zero - Starting Life In Another World,Anime,8.3,16+
Re:Zero - Starting Life In Another World 2,Anime,8.3,16+
Rizzoli And Isles,"Drama, Action",7.6,16+
Roadies,"Drama, Comedy",7.3,18+
Robin Hood,Animation,7.6,All
Robot Revolution,Sci-Fi,8.0,13+
Rob Delaney: Jackie,Comedy,6.4,18+
Romantic Journey,Romance,7.4,16+
"Roswell, New Mexico",Drama,,All
Rugrats In Paris: The Movie,Animation,6.0,All
Running Wild,Adventure,7.9,13+
Rush,Drama,,18+
Russell Peters: Deported,Comedy,6.1,16+
Science Exploration,Educational,7.3,All
Scoob!,Animation,5.7,All
Scooter: Secret Agent,Comedy,6.8,All
Scorpion,Drama,,13+
Scream Street,Kids,7.1,All
Secrets Of The Forest,Fantasy,7.4,All
Secrets Of The Tomb,Thriller,7.2,18+
Secret Of The Sea,Adventure,7.2,All
Seinfeld,Comedy,8.8,13+
Selfie With Bajrangi,Kids,,All
Shackleton: Trapped In The South Pole,Drama,,16+
Shadows Of The Past,Drama,6.9,16+
Shaitaan Haveli,Comedy,,16+
Shaktimaan,Drama,,16+
Shameless,"Comedy, Drama",8.6,18+
Shark Man,Action,,13+
Shattered Dreams,Drama,6.9,16+
Shazam,Action,7.0,13+
Shazam!,Action,7.0,13+
Shazam! Fury Of The Gods,Action,6.1,13+
Short Poppies,Comedy,,13+
Shrek,Animation,7.9,All
Shrek 2,Animation,7.3,All
Shrek Forever After,Animation,6.3,All
Shrek The Third,Animation,6.1,All
Sigmund And The Sea Monsters,Kids,6.9,All
Silent Echoes,Thriller,7.6,18+
Silent Night,Horror,7.1,18+
Silk Stalkings,Drama,,16+
Silver And Gold,Drama,,18+
Simon'S Cat- Classic Collection,Comedy,,All
Siyaasat,Drama,,13+
Skulls And Roses,Action,4.3,18+
Sneaky Pete,Drama,8.2,18+
Sng: What If,Comedy,6,All
Snow White And The Seven Dwarfs,Animation,7.6,All
Son Of Abish,"Arts, Entertainment, Culture",7.3,13+
Spaced,Comedy,,16+
Space Adventures,Adventure,8.2,13+
Space Invaders,Sci-Fi,7.4,13+
Space Pioneers,Sci-Fi,8.1,13+
Space Precinct: Complete Series,Action,,13+
Spice And Wolf,Anime,8.0,13+
Spider-Man,Action,7.3,13+
Spider-Man 2,Action,7.3,13+
Spider-Man 3,Action,6.2,13+
Spider-Man: Across The Spider-Verse,Animation,8.6,All
Spider-Man: Far From Home,Action,7.5,13+
Spider-Man: Into The Spider-Verse,Animation,8.4,All
Spider-Man: No Way Home,Action,8.3,13+
Spies In The Sky,Action,7.4,13+
Spirited Away,Animation,8.6,All
Splitting Up Together,Comedy,,18+
Sponge On The Run,Animation,5.7,All
Startup,Drama,8,18+
Star Trek: Picard,Sci-fi,7.6,18+
Star Wars: Episode Iii Â€“ Revenge Of The Sith,Action,7.6,13+
Star Wars: Episode Ii Â€“ Attack Of The Clones,Action,6.6,13+
Star Wars: Episode I Â€“ The Phantom Menace,Action,6.5,13+
Star Wars: Rogue One,Action,7.8,13+
Star Wars: Solo,Action,6.9,13+
Star Wars: The Force Awakens,Action,7.8,13+
Star Wars: The Last Jedi,Action,6.9,13+
Star Wars: The Rise Of Skywalker,Action,6.5,13+
Station 19,Drama,,16+
Steins;Gate,Anime,8.8,16+
Still Standing,Comedy,,13+
Stingray,Drama,,16+
Storks,Animation,6.8,All
Stranger In The City,Drama,6.8,16+
Strike Force,Action,,16+
Suicide Squad,Action,6.0,13+
Suicide Squad 2,Action,7.2,13+
Suits,Drama,8.5,16+
Summer Dreams,Romance,7.2,All
Summer Of Love,Romance,7.2,13+
Superhero Squad,Action,7.7,13+
Supernatural,"Drama, Suspense, Horror",8.4,16+
Super Wings,Kids,,All
Survivors Code,Action,7.2,16+
Sword Art Online,Anime,7.6,13+
T-Buster,Kids,,All
Taken,"Drama, Action",,16+
Tales From The Loop,Sci-fi ,7.5,18+
Tangled,Animation,7.7,All
Teen Wolf,Action,,7+
That Girl,Comedy,7.1,7+
The 2018 Rose Parade Hosted By Cord & Tish,Comedy,,All
The Adventures Of Paddington Bear,Kids,7.1,All
The Adventures Of Robin Hood,Adventure,,13+
The Adventures Of Rocky And Bullwinkle,Kids,5.4,All
The Adventure Begins,Adventure,7.4,13+
The Affair,Drama,,18+
The Amazing Spider-Man,Action,6.9,13+
The Amazing Spider-Man 2,Action,6.6,13+
The American Playboy: The Hugh Hefner Story,"Drama, Documentary",,18+
The Ancient Magus' Bride,Anime,8.1,16+
The Angry Birds Movie,Animation,6.3,All
The Angry Birds Movie 2,Animation,6.4,All
The Aristocats,Animation,7.0,All
The Assassin'S Code,Crime,7.5,18+
The Avengers,Action,8.0,13+
The Avengers: Age Of Ultron,Action,7.3,13+
The Awakening,Fantasy,7.6,13+
The Awakening Of The Beast,Horror,7.4,18+
The Baker And The Beauty,"Drama, Romance",,13+
The Best Of Groucho,Comedy,,7+
The Big Bang Theory,Comedy,,13+
The Black Cauldron,Animation,6.3,All
The Black Knight,Action,7.3,18+
The Boxtrolls,Animation,6.8,All
The Boys,"Action, Comedy",8.7,18+
The Brave Heart,Action,7.2,13+
The Buccaneers,Action,,13+
The Cecil B. Demille Classics Collection,Drama,,13+
The Chronicles Of Narnia: Prince Caspian,Adventure,6.5,All
The Chronicles Of Narnia: The Lion,English,Adventure,6.9
The Chronicles Of Narnia: The Voyage Of The Dawn Treader,Adventure,6.3,All
The City Of Chaos,Action,7.8,16+
The Collection,Drama,7.1,16+
The Commish,Drama,,16+
The Crimson Sky,Action,7.9,18+
The Croods,Animation,7.0,All
The Croods: A New Age,Animation,6.8,All
The Crossing,"Drama, Sci-fi",,All
The Curse Of The Pharaoh,Thriller,7.7,13+
The Danny Thomas Show,Comedy,7.2,All
The Dark Age,Action,7.5,18+
The Dark Castle,Horror,7.4,18+
The Dark Horizon,Thriller,7.4,16+
The Dark Journey,Thriller,7.7,18+
The Dark Knight,Action,9.0,13+
The Dark Knights Return,Action,8.0,13+
The Dark Knights Rise,Action,7.9,13+
The Dark Knight Rises,Action,8.4,13+
The Dark Magic,Fantasy,7.8,13+
The Dark Queen,Fantasy,7.7,All
The Dark Side,Thriller,7.1,18+
The Demons Curse,Horror,7.5,16+
The Demon Hunter,Horror,7.2,18+
The Desert King'S Return,Adventure,7.9,13+
The Detour,Action,7.7,18+
The Devil Is A Part-Timer!,Anime,7.9,13+
The Diamond Heist,Crime,7.4,16+
The Dragon'S Lair,Fantasy,7.4,All
The Dragon'S Secret,Action,7.5,13+
The Emperor'S New Groove,Animation,7.4,All
The Enchanted Kingdom,Fantasy,7.1,All
The Enchanted Tower,Fantasy,7.7,All
The Equalizer 2,Action,6.7,16+
The Eternal Flame,Fantasy,7.5,All
The Eternal Hero,Fantasy,7.6,All
The Eternal Journey,Fantasy,7.4,All
The Eternal War,Action,7.9,18+
The Exiled King,Action,7.3,18+
The Exorcist,Drama,8.1,16+
The Fallen Empire,Action,7.9,16+
The Fallen Hero,Action,7.1,13+
The Fallen King,Action,7.5,13+
The Family Man,"Drama, Action",8.6,18+
The Fast And The Furious,Action,6.8,13+
The Fate Of The Furious,Action,6.6,13+
The Final Battle,Action,7.9,18+
The Final Countdown,Action,7.9,16+
The Final Hour,Thriller,7.8,18+
The Final Legacy,Drama,7.7,16+
The Final Strike,Action,7.4,16+
The First,"Drama, Sci-fi",,18+
The Flash,Action,6.9,13+
The Forbidden Kingdom,Fantasy,7.2,All
The Forgotten Army- Azaadi Ke Liye,"Drama, Action",8,18+
The Fox And The Hound,Animation,7.3,All
The Fresh Prince Of Bel-Air,Comedy,,7+
The Ghost In The Machine,Sci-Fi,7.6,16+
The Ghost Ship,Horror,6.6,18+
The Girlfriend Experience,Drama,7.1,18+
The Golden Crown,Adventure,7.4,13+
The Golden Dragon,Action,7.2,13+
The Golden Path,Adventure,7.8,13+
The Golden Rule,Romance,7.1,All
The Good Doctor,Drama,,16+
The Good Fight,Drama,,18+
The Good Wife,Drama,8.3,16+
The Grand Tour,Sports,8.7,16+
The Greatest American Hero,Action,,16+
The Great Adventure,Action,7.2,All
The Great Escape,Action,7.8,13+
The Great Heist,Crime,7.3,16+
The Great Mouse Detective,Animation,7.2,All
The Great Pretender,Anime,8.1,13+
The Handmaid'S Tale,Drama,8.5,18+
The Harbor: Aberdeen,Action,,13+
The Haunted Castle,Horror,6.9,18+
The Heist Of A Lifetime,Crime,7.3,16+
The Hidden Realm,Fantasy,7.3,13+
The Hidden Truth,Drama,7.1,16+
The Hidden World,Drama,8.1,13+
The Hobbit: An Unexpected Journey,Adventure,7.8,13+
The Hunchback Of Notre Dame,Animation,6.9,All
The Ice Fortress,Fantasy,7.3,All
The Ice Kingdom,Fantasy,7.5,All
The Ice Queen,Fantasy,7.1,All
The Ice Tomb,Action,7.2,18+
The Idolm@Aster.Kr,Drama,,13+
The Incredibles,Animation,8.0,All
The Incredibles 2,Animation,7.6,All
The Incredible Hulk,Action,6.7,13+
The Incredible Journey Of Mary Bryant,Drama,,18+
The Irregular At Magic High School,Anime,7.8,13+
The Jungle Book,Animation,7.6,All
The Jungle Book (2016),Animation,7.4,All
The Kacey Musgraves Christmas Show,Comedy,7.2,7+
The Kicks,"Sports, Drama",6.9,All
The Kingdoms Fall,Action,7.8,18+
The Kings Dilemma,Fantasy,7.3,13+
The King'S Fury,Action,7.4,18+
The Kings War,Action,7.7,18+
The Last Dream,Action,7.6,13+
The Last Escape,Thriller,7.9,18+
The Last Guardian,Fantasy,8.0,13+
The Last Hope,Drama,7.2,18+
The Last Hour,Action,7.4,13+
The Last Knight,Action,8.0,18+
The Last Samurai,Action,7.7,16+
The Last Ship,"Drama, Suspense, Action",7.5,16+
The Last Sorcerer,Fantasy,7.5,All
The Last Stand,Action,8.1,16+
The Last Tycoon,Drama,7.7,18+
The Late Show With James Corden,Comedy,6.2,All
The Legend Continues,Action,7.2,16+
The Legend Of The Sword,Adventure,7.3,13+
The Lego Batman Movie,Animation,7.3,All
The Lego Movie,Animation,7.7,All
The Lego Movie 2: The Second Part,Animation,6.6,All
The Lego Ninjago Movie,Animation,6.0,All
The Light Of Hope,Drama,7.5,All
The Lions Roar,Adventure,7.8,13+
The Lion King,Animation,6.9,All
The Lion King (2019),Animation,6.9,All
The Little Mermaid,Animation,7.6,All
The Lives Of The Saints,Drama,,13+
The Looming Tower,"Drama, Suspense",,18+
The Lost Artifact,Adventure,7.3,13+
The Lost Expedition,Adventure,7.6,13+
The Lost Island,Adventure,7.6,13+
The Lost King,Action,7.8,13+
The Lost Kingdom,Action,7.3,13+
The Lost Treasure,Adventure,7.5,13+
The Lost World,Action,,13+
The Lucky Star,Romance,7.0,13+
The Magical Forest,Fantasy,7.3,All
The Magicians,"Drama, Suspense, Fantasy",,16+
The Magic Circle,Fantasy,7.5,All
The Magic Of Love,Romance,7.5,All
The Magic Of Music,Music,7.5,All
The Magic Portal,Fantasy,7.7,All
The Mandalorian,Sci-Fi,8.8,All
The Many Adventures Of Winnie The Pooh,Animation,7.6,All
The Man In The High Castle,"Drama, Suspense",8,18+
The Marvelous Mrs. Maisel,"Drama, Comedy",8.7,16+
The Matrix,Sci-Fi,8.7,13+
The Matrix Reloaded,Sci-Fi,7.2,13+
The Matrix Revolutions,Sci-Fi,6.8,13+
The Maze Of Time,Thriller,7.4,18+
The Mentalist,Drama,8.1,16+
The Middle,Comedy,7.5,7+
The Mindy Project,Comedy,7.4,16+
The Missing,Drama,,16+
The Missing Princess,Fantasy,7.2,All
The Mummy,Action,5.4,13+
The Mysterious Stranger,Thriller,7.0,18+
The Neighbors,Drama,,16+
The New Adventures Of Flash Gordon,Action,,7+
The New Archie'S,Kids,6.7,7+
The Nightmare Before Christmas,Animation,8.0,All
The Night Manager,"Drama, Suspense",8.1,18+
The Office,Comedy,,13+
The Originals,"Drama, Horror, Fantasy",8.2,16+
The Orvile,"Drama, Sci-fi",8.0,16+
The Path,Drama,7.3,18+
The Path To Glory,Drama,7.3,16+
The Penguin,Drama,8.7,18+
The Phantom Knight,Action,7.5,13+
The Phantom Stranger,Thriller,7.5,16+
The Pirate'S Treasure,Adventure,7.7,13+
The Powerpuff Girls,"Kids, Animation",7.2,All
The Power Of Fate,Action,7.1,13+
The Power Of The Gods,Fantasy,7.8,13+
The Princess'S Curse,Fantasy,7.6,All
The Princess And The Frog,Animation,7.1,All
The Prince'S Quest,Adventure,7.2,13+
The Promised Neverland,Anime,8.0,13+
The Promised Neverland 2,Anime,7.2,13+
The Purge,"Drama, Horror, Suspense",,18+
The Quantum Leap,Sci-Fi,6.9,16+
The Queens Curse,Fantasy,7.3,All
The Queens Secret,Drama,7.3,16+
The Quintessential Quintuplets,Anime,7.9,13+
The Ray Bradbury Theatre,Drama,,13+
The Real Mccoys,Comedy,7.5,All
The Rebel Princess,Action,7.3,16+
The Red Dragon,Action,7.3,13+
The Red Fortress,Action,7.5,13+
The Red Line,Drama,,All
The Red Moon,Thriller,7.8,18+
The Rescuers,Animation,6.9,All
The Rescuers Down Under,Animation,6.9,All
The Riddle Of The Sphinx,Adventure,7.2,13+
The Rising Of The Shield Hero,Anime,8.0,13+
The Romanoffs,Drama,7,16+
The Rook,Drama,,18+
The Rulers Path,Adventure,7.6,13+
The Secrets Of Borgo Lairci,Drama,,16+
The Secret Door,Fantasy,7.7,13+
The Secret Fortress,Action,7.9,13+
The Secret Keeper,Crime,7.5,16+
The Secret Of Kells,Animation,7.6,All
The Secret Of Life,Drama,7.5,All
The Secret Of Shadows,Fantasy,7.2,All
The Secret Of The Sea,Adventure,7.6,13+
The Secret Path,Adventure,7.5,16+
The Secret Society,Crime,7.4,16+
The Secret World Of Arrietty,Animation,7.6,All
The Seven Deadly Sins,Anime,7.9,13+
The Shadow Of The Beast,Thriller,7.5,16+
The Shifting Sands,Action,7.2,16+
The Silent River,Drama,7.1,16+
The Silent Voice,Romance,7.2,16+
The Silent Watcher,Thriller,7.4,18+
The Silent Witness,Thriller,7.1,16+
The Silver Arrow,Action,7.6,13+
The Simple Life,Comedy,,16+
The Simpsons Movie,Animation,7.3,All
The Spongebob Squarepants Movie,Animation,7.0,All
The Stinky & Dirty Show,"Kids, Animation",7.1,All
The Storm Is Coming,Action,7.7,16+
The Suicide Squad,Action,7.2,18+
The Superhero'S Journey,Action,7.1,13+
The Sword In The Stone,Animation,7.2,All
The Tale Of The Princess Kaguya,Animation,8.0,All
The Terror,"Drama, Suspense, Adventure",,16+
The Test: A New Era For Australia'S Team,Documentary,9,16+
The Tick,"Comedy, Action",7.4,16+
The Timekeeper,Sci-Fi,8.0,13+
The Trial: A Murder In The Family,Drama,,16+
The Triplets Of Belleville,Animation,7.8,All
The Unseen Enemy,Action,8.2,16+
The Vampire Diaries,"Drama, Horror, Romance, Suspense",7.7,16+
The Vanishing Point,Thriller,7.1,18+
The Warrior'S Fate,Action,7.4,16+
The Warrior'S Path,Action,7.4,16+
The Warrior'S Return,Action,7.5,13+
The Warrior Princess,Action,7.4,13+
The White Knight,Action,7.4,13+
The Widow,"Drama, Suspense",6.9,16+
The Wild Hunt,Action,7.4,13+
The Willoughbys,Animation,6.4,All
The Wind Rises,Animation,7.8,All
The Witcher,"Drama, Action",8.0,16+
The Witch'S Curse,Horror,6.9,16+
The Wolverine,Action,6.7,13+
This Is Us,Drama,8.7,16+
Thor,Action,7.0,13+
Thor: Love And Thunder,Action,6.3,13+
Thor: Ragnarok,Action,7.9,13+
Thor: The Dark World,Action,6.9,13+
Through The Fire,Thriller,7.8,16+
Through The Flames,Action,7.4,16+
Through The Mist,Adventure,7.2,13+
Through The Shadows,Thriller,7.2,16+
Through The Tunnel,Adventure,7.1,13+
Time After Time,"Drama, Sci-fi",6.7,16+
Tobot,Kids,,7+
Tokyo Alice,Drama,4,13+
Tokyo Ghoul,Anime,7.9,16+
Tokyo Ghoul:Re,Anime,7.5,16+
Tokyo Girl,"Drama, Comedy",8.1,13+
Tokyo Revengers,Anime,7.8,13+
Tommy Little: Self-Diagnosed Genius,"Arts, Entertainment, Culture",6.2,16+
Tom And Jerry: The Movie,Animation,5.2,All
Tom Clancy'S Jack Ryan,"Drama, Action, Suspense",8.1,16+
Tom Gleeson: Joy,Comedy,6.3,16+
Tom Walker: Very Very,Comedy,,16+
Too Old To Die Young,Drama,,18+
To The Ends Of The Earth (Bbc Series),Drama,,13+
Training Day,"Drama, Action",6,16+
Transformers,Action,7.0,13+
Transformers: Age Of Extinction,Action,6.0,13+
Transformers: Dark Of The Moon,Action,6.2,13+
Transformers: Revenge Of The Fallen,Action,6.0,13+
Transformers: The Last Knight,Action,5.2,13+
Treadstone,Drama,7,16+
Trial And Error,Comedy,8,13+
Trigun,Anime,8.2,13+
Trinity Seven,Anime,7.5,16+
Trolls,Animation,6.5,All
Trolls World Tour,Animation,6.1,All
Tropical Heat,Action,,16+
Tucker'S Witch,Drama,,16+
Two And A Half Men,Comedy,7,16+
U.S Bounty Hunters,Action,,16+
Uchimura Summers,"Arts, Entertainment, Culture",,13+
Underwater Rescue,Action,7.0,13+
Undone,"Animation, Drama",8.2,16+
Upload,Sci-fi comedy,8.1,16+
Vancy Derringer,Action,,13+
Vella Raja,Action,,16+
Venom,Action,6.7,13+
Venom: Let There Be Carnage,Action,6.2,13+
Vir The Robot Boy,Kids,,7+
Warrior'S Way,Drama,,13+
Wassup With You,Comedy,,13+
Water Rats,Drama,,16+
Weathering With You,Animation,7.5,All
When We Go To War,Drama,,18+
Which Way To ,Action,,All
Whiskey Cavalier,"Drama, Comedy, Action",,13+
Whispers In The Night,Thriller,7.5,18+
Whispers Of The Sea,Romance,7.4,13+
Wild Hearts,Romance,7.0,All
Winter'S Curse,Fantasy,7.1,All
Winter'S End,Action,7.2,13+
Winter Wonderland,Romance,6.7,All
Wonder Woman,Action,7.4,13+
Wonder Woman 1984,Action,5.4,13+
Worldâ€™S Greatest Chef,Reality,7.6,All
Wreck-It Ralph,Animation,7.7,All
X-Men,Action,7.4,13+
X-Men: Apocalypse,Action,6.9,13+
X-Men: Days Of Future Past,Action,7.9,13+
X-Men: First Class,Action,7.7,13+
X-Men: The Last Stand,Action,6.7,13+
X2: X-Men United,Action,7.4,13+
Yeh Jo Hain Zindagi,Comedy,,13+
"Yes, Prime Minister",Comedy,,All
Yes Minister: Specials,Comedy,,All
Young Sheldon,Comedy,,13+
Your Brush With Nature,Drama,,All
Your Lie In April,Anime,8.6,13+
Your Name,Animation,8.4,All
You Are Wanted,Drama,,13+
Zabaan Sambhalke,Comedy,,13+
Zoe Coombs Marr: Bossy Bottom,Comedy,,18+
Zootopia,Animation,8.0,All
Z: The Beginning Of Everything,Drama,7.2,18+
